{
  "string": [
    {
      "name": "module_desc",
      "value": "模块描述"
    },
    {
      "name": "EntryAbility_desc",
      "value": "description"
    },
    {
      "name": "EntryAbility_label",
      "value": "label"
    },
    {
      "name": "EntryFormAbility_desc",
      "value": "form_description"
    },
    {
      "name": "EntryFormAbility_label",
      "value": "form_label"
    },
    {
      "name": "widget_desc",
      "value": "This is a service widget."
    },
    {
      "name": "widget_display_name",
      "value": "widget"
    }
  ]
}